ssp,percent,abandonment_millions_km2
SSP 1,14.5,3.163707
SSP 2,8,1.748083
SSP 3,12,2.627198
SSP 4,10.4,2.262644
SSP 5,9.4,2.056045
